user_1733040258536_390,user_1733040258536_88@example.com,password123
user_1733040258533_828,user_1733040258533_52@example.com,password123
user_1733040258536_517,user_1733040258536_468@example.com,password123
user_1733040258534_279,user_1733040258534_520@example.com,password123
user_1733040258534_733,user_1733040258534_974@example.com,password123
user_1733040258536_294,user_1733040258536_163@example.com,password123
user_1733040258534_889,user_1733040258534_883@example.com,password123
user_1733040258534_903,user_1733040258534_114@example.com,password123
user_1733040258534_731,user_1733040258534_670@example.com,password123
user_1733040258534_59,user_1733040258534_268@example.com,password123
user_1733040261691_266,user_1733040261691_858@example.com,password123
user_1733040261695_21,user_1733040261695_449@example.com,password123
user_1733040261692_354,user_1733040261692_88@example.com,password123
user_1733040261696_628,user_1733040261696_891@example.com,password123
user_1733040261697_221,user_1733040261697_967@example.com,password123
user_1733040261693_403,user_1733040261693_134@example.com,password123
user_1733040261693_484,user_1733040261693_561@example.com,password123
user_1733040261694_440,user_1733040261694_657@example.com,password123
user_1733040261695_509,user_1733040261695_917@example.com,password123
user_1733040261691_553,user_1733040261691_490@example.com,password123
user_1733040264749_390,user_1733040264749_106@example.com,password123
user_1733040264750_919,user_1733040264750_121@example.com,password123
user_1733040264752_608,user_1733040264752_829@example.com,password123
user_1733040264750_391,user_1733040264750_26@example.com,password123
user_1733040264752_910,user_1733040264752_402@example.com,password123
user_1733040264752_395,user_1733040264752_130@example.com,password123
user_1733040264751_111,user_1733040264751_205@example.com,password123
user_1733040264749_29,user_1733040264749_791@example.com,password123
user_1733040264752_651,user_1733040264752_200@example.com,password123
user_1733040264750_735,user_1733040264750_871@example.com,password123
user_1733040267793_365,user_1733040267793_660@example.com,password123
user_1733040267795_991,user_1733040267795_164@example.com,password123
user_1733040267794_784,user_1733040267794_204@example.com,password123
user_1733040267794_289,user_1733040267794_548@example.com,password123
user_1733040267796_84,user_1733040267796_989@example.com,password123
user_1733040267795_310,user_1733040267795_342@example.com,password123
user_1733040267793_263,user_1733040267793_479@example.com,password123
user_1733040267795_686,user_1733040267795_430@example.com,password123
user_1733040267795_869,user_1733040267795_251@example.com,password123
user_1733040267794_254,user_1733040267794_526@example.com,password123
user_1733040270873_898,user_1733040270873_889@example.com,password123
user_1733040270872_218,user_1733040270872_54@example.com,password123
user_1733040270879_487,user_1733040270879_700@example.com,password123
user_1733040270875_875,user_1733040270875_71@example.com,password123
user_1733040270875_772,user_1733040270875_819@example.com,password123
user_1733040270877_207,user_1733040270877_922@example.com,password123
user_1733040270876_74,user_1733040270876_340@example.com,password123
user_1733040270879_632,user_1733040270879_190@example.com,password123
user_1733040270880_557,user_1733040270880_611@example.com,password123
user_1733040270872_142,user_1733040270872_259@example.com,password123
user_1733040273920_45,user_1733040273920_744@example.com,password123
user_1733040273919_359,user_1733040273919_470@example.com,password123
user_1733040273919_731,user_1733040273919_730@example.com,password123
user_1733040273922_701,user_1733040273922_125@example.com,password123
user_1733040273916_607,user_1733040273916_19@example.com,password123
user_1733040273918_211,user_1733040273918_446@example.com,password123
user_1733040273923_885,user_1733040273923_977@example.com,password123
user_1733040273924_835,user_1733040273924_69@example.com,password123
user_1733040273922_470,user_1733040273922_510@example.com,password123
user_1733040273921_547,user_1733040273921_803@example.com,password123
user_1733040276991_69,user_1733040276991_768@example.com,password123
user_1733040276990_419,user_1733040276990_49@example.com,password123
user_1733040276989_816,user_1733040276989_533@example.com,password123
user_1733040276992_261,user_1733040276992_712@example.com,password123
user_1733040276989_405,user_1733040276989_936@example.com,password123
user_1733040276993_830,user_1733040276993_995@example.com,password123
user_1733040276995_748,user_1733040276995_676@example.com,password123
user_1733040276989_689,user_1733040276989_68@example.com,password123
user_1733040276991_636,user_1733040276991_447@example.com,password123
user_1733040276990_250,user_1733040276990_930@example.com,password123
user_1733040280073_881,user_1733040280073_136@example.com,password123
user_1733040280073_909,user_1733040280073_265@example.com,password123
user_1733040280076_650,user_1733040280076_582@example.com,password123
user_1733040280082_480,user_1733040280082_301@example.com,password123
user_1733040280075_468,user_1733040280075_981@example.com,password123
user_1733040280077_619,user_1733040280077_746@example.com,password123
user_1733040280079_951,user_1733040280079_475@example.com,password123
user_1733040280077_466,user_1733040280077_61@example.com,password123
user_1733040280082_604,user_1733040280082_608@example.com,password123
user_1733040280078_541,user_1733040280078_241@example.com,password123
user_1733040283130_903,user_1733040283130_596@example.com,password123
user_1733040283130_165,user_1733040283130_26@example.com,password123
user_1733040283132_116,user_1733040283132_26@example.com,password123
user_1733040283132_912,user_1733040283132_889@example.com,password123
user_1733040283132_230,user_1733040283132_586@example.com,password123
user_1733040283131_892,user_1733040283131_761@example.com,password123
user_1733040283133_209,user_1733040283133_144@example.com,password123
user_1733040283129_39,user_1733040283129_322@example.com,password123
user_1733040283130_61,user_1733040283130_763@example.com,password123
user_1733040283131_739,user_1733040283131_900@example.com,password123
user_1733040286180_814,user_1733040286180_712@example.com,password123
user_1733040286183_777,user_1733040286183_82@example.com,password123
user_1733040286187_899,user_1733040286187_177@example.com,password123
user_1733040286181_919,user_1733040286181_617@example.com,password123
user_1733040286186_644,user_1733040286186_10@example.com,password123
user_1733040286187_623,user_1733040286187_367@example.com,password123
user_1733040286182_103,user_1733040286182_641@example.com,password123
user_1733040286186_546,user_1733040286186_474@example.com,password123
user_1733040286184_190,user_1733040286184_599@example.com,password123
user_1733040286180_845,user_1733040286180_915@example.com,password123
